{"loss": 0.25, "epoch": 0, "_timestamp": 1714581649.544157, "_runtime": 458.44204592704773, "_step": 279}