{"loss": 0.25, "epoch": 0, "_timestamp": 1714578799.2020347, "_runtime": 402.6912508010864, "_step": 3, "_wandb": {"runtime": 469}}