{"loss": 0.25, "epoch": 0, "_timestamp": 1714582819.174012, "_runtime": 328.3118009567261, "_step": 275}