{"loss": 0.18502046167850494, "epoch": 2, "_timestamp": 1714583452.6160536, "_runtime": 286.6212944984436, "_step": 782}