{"loss": 0.25000011920928955, "epoch": 0, "_timestamp": 1714581811.4491699, "_runtime": 51.53692889213562, "_step": 34}