{"loss": 0.25, "epoch": 0, "_timestamp": 1714579996.0407116, "_runtime": 383.2394685745239, "_step": 1, "_wandb": {"runtime": 440}}