{"loss": 0.10085442662239075, "epoch": 4, "_timestamp": 1714586208.6768649, "_runtime": 655.1426999568939, "_step": 1549, "_wandb": {"runtime": 684}}