{"loss": 0.13313615322113037, "epoch": 4, "_timestamp": 1714584893.6545603, "_runtime": 1360.639175415039, "_step": 1549, "_wandb": {"runtime": 1360}}